entry id,sequence,knotted
Q57556,MLILGVGYFLLGLILLYYGSDWFVLGSERIARHFNVSNFVIGATVMAIGTSLPEILTSAYASYMHAPGISIGNAIGSCICNIGLVLGLSAIISPIIVDKNLQKNILVYLLFVIFAAVIGIDGFSWIDGVVLLILFIIYLRWTVKNGSAEIEENNDKNNPSVVFSLVLLIIGLIGVLVGAELFVDGAKKIALALDISDKVIGFTLVAFGTSLPELMVSLAAAKRNLGGMVLGNVIGSNIADIGGALAVGSLFMHLPAENVQMAVLVIMSLLLYLFAKYSKIGRWQGILFLALYIIAIASLRMG,1
C7P6P3,MLILGVAYFLLGLILLYFGSDWFVLGGERIAKHFNISNFAIGATVMAIGTSLPEILTSAYASYIHAPGISIGNAIGSCICNIGLVLGLSAIISPIIVDKNLMRNIFVYLLFVVLTAIVGFNGFSWIDGIILLAIFLIYLRWTVKNGNVEVSEEDKNGVSLPFSLVLLIVGLVGVLVGAELFIDGAKKIALALNVSDRIIGFTLVAFGTSVPELMVSLAAAKRRLGGMVLGNVVGSNIADIGGALAVGSLFMYLPPEHLQISILAIMSLLLYLFARYSKIGRLQGLLFLIMYIIALISLGMV,1
A0A076LAY7,MAIGTSLPEILTSAYASYMHAPGISIGNAIGSCICNIGLVLGVSAIISPIIVDKNLRKNIFVYLLFVIFTAVIGIDGFSWIDGVILLILFAIYLRWTVKNGNIEEINENNNKNNPSMVFSLVLLIIGLVGVLVGAELFVDGAKKIATALNVSDKIIGFTLVAFGTSVPELMVSLVAAKRNLGGMVLGNVVGSNIADIGGALALGSLFMYLPPENLQIAILTVMSFLLYLFAKYSKIGRWQGILFLIIYIIAIASLGMG,0
N6VXY5,MLLGIIYFFIGLVLLYYGSDWFVVGGEKTAKFFNVSNFVIGATVIAFGTSVPEIVSSVYAALTKSSGIAVGNAIGSCVCNIGLILAISSIVYPIIIKKDQIKNILFHLFFVALTFILGVDGYNCVDGAILFLTFIFYIIWVLKNDKIEKKKEEEEINIVISLIFLIIGLISVLIGAKLFIDGAKMIAFLLHIPDYIIGFSLVAFGTSVPELMVSIAAAKRRLGGMILGNIIGSNIADIGGALAISSFFSYLPTANIQMVILLIMSILLYIFAKKSKITRFDGLILLILYIFAIKFLF,1
F6BC34,MIINVLLFIIGLLLLSYGSDWFIVGSSRIAKLFRISDFVIGATIVAIGTSLPEIVTSVYAAWINSPGISTGNAIGSCIANVGLVLALSIIFSPIIIKESSVVKNTYAYILFLITAFILGFNGFSWIDGIILIFLFAIYLKYTIKNGKEKIDEVEETSYIRAALLLIIGLIGVILGSEMFVNGARNIALALGVSEKIVGFTLVALGTSLPELAVSIAAAKKKLGKMVLGNIVGSNVANIGMALGLSAIVTPLPPQNLEMGITLFMAVLLAMFAKRRKLGIFEGIVFLIMYCVFLYTLFN,1
H1L102,MIIDVLLFIFGLILLSYGSDWFIVGSSRVAKFFKISDFVIGATIIAVGTSLPEIVTSVYAAWINSPEISTGNAIGSCIANVGLVLGLSLIFSPIVIKESSVIKNTYAYVLFLIIACVLGIYGFSWVDGIILVFLFTLYLRYTTNNGKEELNEVEETSYVRAVILLVIGLVGVILGSEMFVNGARNIALTLGVSEKVVGFTLVALGTSLPELAVSIAAAKKKLGNMVLGNIVGSNVANIGVALGLSAIVTPLPPQNLEMGITLFMAVLLAMFAKRRKLGRLEGVLLLIMYCIFLYTLFN,1
D5VU74,MIIGILSFLTGLILLYYCSDWVVLGAEKIARFFNISNFVIGATIIAFGTSFPEIVTSVIASYQHLPGLAVGNILGSCICNIGLILGLSLIFDSVKIDKFLKRNLIFYILFVLLTLILSFGGFSLLDGLILLILFLFYIRWSIKNDNTNEKEEKEDNINLPINLVLLIIGLIGVLVGADLFVNGAKELADYLNIPDTIIGLTLVALGTSLPELAVSISAAKRRLGGMVLGNVLGSNIADIGAGIGLSALFSTLPGLEREALFLFIISFILLIGYIKGKLGRKEGVILILLYVLFLYLTFG,1
A6UUX7,MVEILFSVFILLLGLALLNYGSDWFVVGSSKVAKHLNVSNFVIGATVVAFGTSLPEIITSVYASYIGSTGIAVGNSLGSNIANVGLILGLSALIAPIYIRKENILKNGYIYLLFTIIAFILGYDGFNSIDGILLFIMLISYITYTIKKGGCCEEMGENNGSIVKSVLFTILGLLAVIVGSSLFVSGAKDIALFLGISDKIIGFTLVAFGTSLPELVVSITAVKRKLGDMVIGNIIGSNIANIGGALALASIISPLPKVPFEMTVNLLLTSLMVLFMSKHILEFIKKNKDKIHNKKDNNDNETIYSKINRIDGTILILIYLGFILFISNIL,1
F8ALT5,MFFTLFYKFFLFGEIVEILLSIFILLMGLLLLNYGSDWFVLGSSRIAKYLNVSDFVIGATIVAFGTSLPEIITSVYASYAHLPGIAVGNSLGSCIANIGLILGISALISPVIVKHSSILKNSYIYLIYTIILFIIGYNGFGFVDGLILFVLLLGYILYTIKNGETPNVEEESSKKMSIITAVIYTIVGLLAVIIGSELFVDGAKDISTFLGVSDKIIGFTLVAFGTSLPELVVSITAIRRKLGDIVLGNVIGSNMANIGCALAFSGMICYIPPVKFEMEVNLILVILMVAYMSKNLIIDMVKNRINKTNTTNITKIMKNFKYSKIGRIEGLSLILIYMLFILKLSNII,1
D3S7V0,MMLILGIGYFLLGLILLYYGSDWFVLGSERIARHFNVSNFVIGATVMAIGTSLPEILTSAYASYMHAPGISIGNAIGSCICNIGLVLGLSAIISPIVVDKNLQKNILAYLLFVVFTAVIGIDGFSWIDGIILLILFAFYLRWTIKNGSVGEIEENNNKNSGHSIVFSLVLLIIGLVGVLVGAELFVDGAKKIATALNISDKVIGFTLVAFGTSVPELMVSLAAAKRNLGGMVLGNVVGSNIADIGGALAVGSLFMYLPPAPIQMGVLTVMSLLLYLFAKYSKIGRWQGLLFLTLYIIAIALLRMG,1
A4FXA6,MLIESVFFLAVGLFMLSYGSDWFVLGASRVAKQFNISSFVIGATIVAFGTSLPEIVTSAYAASTGSVDLAVGNALGSCIANIGLVLGLSLIISSVFIKSRSVLKNGYLYMVYTIIFTIIGYNGFSFLDGVFLLLLLALYVIYTIKSGEMDEDEHEKSVTFSGAIFYLAIGLSFVILGSSFFVDGAKGLATAFGISEKIIGFTIVAFGTSLPELAVSFAAAKQKLGGIVIGNVIGSNIANMFGALAIASLIHEIPAVKFELSVNILMVFLLLILMNKEKIKAVLNLNSTKDYLSEITKIDGLILMLIYLLFVLGLTGIF,1
G0H0L9,MLIESVLFLAAGLFMLSYGSDWFVLGASRVAKQFNISSFVIGATIVAFGTSLPEIVTSAYAASTGSVELAVGNALGSCIANIGLVLGLSLIISTVFIKNRSVLKNGYLYIIYTIIFTIMGYNGFSFFDGVVLLFLLLVYVLYTIKSGEMDDEEHEKSITFKRAIIYLVMGLLFVILGSSFFVDGAKGLASAFGVSEKIIGFTIVAFGTSLPELSVSFAAARQKLGGIVIGNVIGSNIANMFGALAIASIIHEIPAVKFELSVNILMVLLLVVMMSKEKLKTLLKLNSTKDYLSKITKSDGLILILIYLLFVLGLTGIF,1
A0A2Z5PMY9,MLIESVLFLAAGLFMLSYGSDWFVLGASRVAKQFNISSFVIGATIVAFGTSLPEIVTSAYAASTGSVELAVGNALGSCIANIGLVLGLSLIISTVFIKNRSVLKNGYLYIIYTIIFTIMGYNGFSFFDGVVLLFLLLVYVLYTIKSGEMDDEEHEKSITFKKAMIYLLIGLLFVILGSSFFVDGAKGLASAFGVSEKIIGFTIVAFGTSLPELSVSFAAARQKLGGIVIGNVIGSNIANMFGALAIASIIHEIPAVKFELSVNILMVLLLIAMMGKEKIKSVLNLNSAKDYFSKITKVDGLILILIYLLFVLGLTGIF,1
A0A7J9NPJ0,MLIESVLFLAAGLFMLSYGSDWFVLGASRVAKQFNISSFVIGATIVAFGTSLPEIVTSAYAASTGSVDLAVGNALGSCIANIGLVLGLSLIISTVFIKNKSVLKNGYLYIIYTIIFTIMGYNGFSFFDGVFLLFLLLVYVLYTIKSGEMDDEEHEKSITFKKAIIYLLIGLLFVILGSSFFVDGAKGLASAFGVSEKIIGFTIVAFGTSLPELSVSFAAARQKLGGIVIGNVIGSNIANMFGALAIASIIHEIPAVKFELSVNILMVLLLIAMMSKEKIKSVLNLNSAKDYFSKITKVDGLILILIYLLFVLGLTGIF,1
A0A7J9P531,MLIESVLFLAAGLFMLSYGSDWFVLGASRVAKQFNISSFVIGATIVAFGTSLPEIVTSAYAASTGSVELAVGNALGSCIANIGLVLGLSLIISTVFIKNRSVLKNGYLYIIYTIIFTIMGYNGFSFFDGVVLLFLLLVYVLYTIKSGEMDDEEHEKSITFKKAIIYLVMGLLFVILGSSFFVDGAKGLASAFGVSEKIIGFTIVAFGTSLPELSVSFAAARQKLGGIVIGNVIGSNIANMFGALAIASIIHEIPAVKFELSVNILMVLLLVAMMSKEKIKALLNLNSAKDYFSKITKVDGLILILIYLLFVLGLTGIF,1
A0A2Z5PL86,MLIESVLFLAAGLFMLSYGSDWFVLGASRVAKQFNISSFVIGATIVAFGTSLPEIVTSAYAASTGSVELAVGNALGSCIANIGLVLGLSLIISTVFIKNRSVLKNGYLYIIYTIIFTIMGYNGFSFFDGVVLLFLLLVYVLYTIKSGEMDDEEHEKSITFKRAIIYLVMGLLFVILGSSFFVDGAKGLASAFGVSEKIIGFTIVAFGTSLPELSVSFAAARQKLGGIVIGNVIGSNIANMFGALAIASIIHEIPAVKFELSVNILMVLLLIAMMSKEKIKSVLNLNSAKDYFSKITKADGLILILIYLLFVLGLTGIF,1
A0A7J9NXP9,MLIESVLFLAAGLFMLSYGSDWFVLGASRVAKQFNISSFVIGATIVAFGTSLPEIVTSAYAASTGSVELAVGNALGSCIANIGLVLGLSLIISTVFIKNRSVLKNGYLYIIYTIIFTIMGYNGFSFFDGVVLLFLLLVYVLYTIKSGEMDDEEHEKSITFKKAVIYLLIGLLFVILGSSFFVDGAKGLASAFGVSEKIIGFTIVAFGTSLPELSVSFAAARQKLGGIVIGNVIGSNIANMFGALAIASIIHEIPAVKFELSVNILMVLLLIAMMSKEKIKSVLNLNSAKDYFSKITKVDGLILILIYLLFVLGLTGIF,1
A6VG15,MLIESVFFLAVGLFMLSYGSDWFVLGASRVAKQFNISSFVIGATIVAFGTSLPEIVTSAYAASTGSVDLAVGNALGSCIANIGLVLGLSLIISSVFIKNRSVLKNGYLYIIYTIIFTILGYNGFSFFDGAILLILLVLYVIYTIKSGEMDEEEHEKSVTFGRAIFYLVLGLAFVILGSSFFVDGAKGLATAFGISEKIIGFTIVAFGTSLPELAVSFAAARQKLGGIVIGNVIGSNIANMFGALAIAAMIHEIPAVKFELSVNILMVFLLLVLMSKEKIKSMLNLKSKTEYLSEITKKDGLILIGIYVVFVLGLTGFF,1
A9AAN0,MLIESVLFLAVGLFMLSYGSDWFVLGASRVAKQFNISSFVIGATIVAFGTSLPEIVTSAYAASTGSVDLAVGNALGSCIANIGLVLGLSLIISSVFIKSRSVLKNGYLYIVYTIIFTILGYNGFSFFDGVFLLLLLVLYVIYTIKSGEMDEEEHEKSVTFNRAIFYLAIGLSFVILGSSFFVDGAKGLATAFGISEKIIGFTIVAFGTSLPELAVSFAAARQKLGGIVIGNVIGSNIANMFGALAIASIIHEIPAVKFELSVNILMVFLLMVLMSKEKIKTALNLKFTKDYLSEITRKDGLILILIYVLFVLGLTGIF,1
Q6LYC3,MVRNMLIESVLFLAAGLFMLSYGSDWFVLGASRVAKQFNISSFVIGATIVAFGTSLPEIVTSAYAASTGSVELAVGNALGSCIANIGLVLGLSLIISTVFIKNRSVLKNGYLYIIYTIIFTAIGYNGFSFFDGIFLLFLLLVYVVYTIKSGEMDDEEHEKSITFKKAIIYLLIGLLFVILGSSFFVDGAKGLASAFGVSEKIIGFTIVAFGTSLPELSVSFAAARQKLGGIVIGNVIGSNIANMFGALAIASIIHEIPAVKFELSVNILMVLLLIAMMSKEKIKAVLNLNSTKEYLSKITKADGLILILIYLLFVLGLTGIF,1
A0A7J9NZK8,MLIESVLFLAVGLFMLSYGSDWFVLGASRVAKQFNISSFVIGATIVAFGTSLPEIVTSAYAASTGSVDLAVGNALGSCIANIGLVLGLSLIISTVFIKNRSVLKNGYLYIIYTIIFTAIGYNGFSFFDGIFLLFLLLVYIIYTIKSGEMDDEEHEKSITFKKAIIYLLIGLLLVILGSSFFVDGAKGLASAFGVSEKIIGFTIVAFGTSLPELSVSFAAARQKLGGIVIGNVIGSNIANMFGALALASVIHEIPAVKFELSVNILMVLLLVAMMSKEKLKTLLKLNSTKEYLSKITKADGLILILIYLLFVLGLTGIF,1
A0A7J9P9G9,MLIESVLFLAVGLFMLSYGSDWFVLGASRVAKQFNISSFVIGATIVAFGTSLPEIVTSAYAASTGSVDLAVGNALGSCIANIGLVLGLSLIISTVFIKNRSVLKNGYLYIIYTIIFTAIGYNGFSFFDGIFLLFLLLVYIIYTIKSGEMDDEEHEKSITFKKAIIYLLIGLLLVILGSSFFVDGAKGLASAFGVSEKIIGFTIVAFGTSLPELSVSFAAARQKLGGIVIGNVIGSNIANMFGALALASVIHEIPAVKFELSVNILMVLLLVAMMSKEKLKTLLKLKSTKEYLSKITKADGLILILIYLLFVLGLTGIF,1
A0A2L1CCQ6,MLIESVLFLAAGLFMLSYGSDWFVLGASRVAKQFNISSFVIGATIVAFGTSLPEIVTSAYAASTGSVELAVGNALGSCIANIGLVLGLSLIISTVFIKNRSVLKNGYLYIIYTIIFTAIGYNGFSFFDGIFLLFLLLVYIIYTIKSGEMDDEEHEKSITFKKAIIYLLIGLLLVILGSSFFVDGAKGLASAFGVSEKIIGFTIVAFGTSLPELSVSFAAARQKLGGIVIGNVIGSNIANMFGALAIASIIHEIPAVKFELSVNILMVLLLVAMMSKEKLKTLLKLNSTKEYLSKITKADGLILILIYLLFVLGLTGLF,1
A0A7J9S276,MLIESVLFLAVGLFMLSYGSDWFVLGASRVAKQFNISSFVIGATIVAFGTSLPEIVTSAYAASTGSVELAVGNALGSCIANIGLVLGLSLIISTVFIKNRSVLKNGYLYIIYTIIFTAIGYNGFSFFDGIFLLFLLLVYIIYTIKSGEMDDEEHEKSITFKKAIIYLLIGLLLVILGSSFFVDGAKGLASAFGVSEKIIGFTIVAFGTSLPELSVSFAAARQKLGGIVIGNVIGSNIANMFGALALASVIHEIPAVKFELSVNILMVLLLVAMMSKEKLKTLLKLNSTKEYLSKITKADGLILILIYLLFVLGLTGIF,1
A0A7J9RZR7,MLIESVLFLAAGLFMLSYGSDWFVLGASRVAKQFNISSFVIGATIVAFGTSLPEIVTSAYAASTGSVELAVGNALGSCIANIGLVLGLSLIISTVFIKNRSVLKNGYLYIIYTIIFTIMGYNGFSFFDGVFLLFLLLVYVLYTIKSGEMDDEEHEKSITFKKAIIYLLIGLLFVILGSSFFVDGAKGLASAFGVSEKIIGFTIVAFGTSLPELSVSFAAARQKLGGIVIGNVIGSNIVNMFGALAIASIIHEIPAVKFELSVNILMVLLMIAMMSKEKIKSVLNLNSAKDYFSKITKVDGLILILIYLLFVLGLTGIF,1
A0A7J9NI07,MLIESVLFLAVGLFMLSYGSDWFVLGASRVAKQFNISSFVIGATIVAFGTSLPEIVTSAYAASTGSVDLAVGNALGSCIANIGLVLGLSLIISTVFIKNRSVLKNGYLYIIYTIIFTAIGYNGFSFFDGIFLLFLLLFYIIYTIKSGEMDDEEHEKSITFKKAIIYLLIGLLLVILGSSFFVDGAKGLASAFGVSEKIIGFTIVAFGTSLPELSVSFAAARQKLGGIVIGNVIGSNIANMFGALALASVIHEIPAVKFELSVNILMVLLLVAMMSKEKLKTLLKLNSTKEYLSKITKADGLILILIYLLFVLGLTGIF,1
A0A7J4EXD3,MGLGLLNYGGDWFILGNTRIARYFKISNFVIGATIVAFGTSLPEVVTTLYALYRNLPMIALGNALGSCIVNIGFVLGLCAIIYPIVIKQESIIRNIYLYLLYSLLLFILGYDGFNVIDGVVLFLLFLCYVAYTLKRREFIGEEKRGKKDIPMVLAVILIIIGLLSIFVGSKLFIDGARDIALFLGVPEKVIGFTLVAFGTSLPEIAVSLSAIRRRLGDIVLGNVIGSNMVNVGCALALSSIITYIPPTRFELLIHLLFTVLMVIIISKMKLLNKGCFKIDRIDGLILFGVYLLYVLNYFL,1
A0A832ZJJ2,MLIIGLGLLNYGSDWFILGNTTIARYFKLSNFVIGATIVAFGTSLPELVTTLYAAYKGLPMIAVGNALGSCIVNIGFVLGLCALIYPIVIRQRFIVKNVQIYFLYSVLLTVLGYDGFDFIDGVILFLLFLGYLAYTLKKRSIITEEKRDKRNIPMVLAVIFIIVGLLSIFVGSKLFIDGARHIALLLGVPEKVIGFTLVAFGTSLPEIAVSISAIRRRLGDIVIGNVVGSNMINIGCALALSSIITYIPPTRFELLINLLFVTLTVLFINKGIVLKLFNRDNSEHFKIDRVEGLILLGLYLVYVLSYYLGWSVF,1
A0A833E1W5,MLIIGLGLLNYGSDWFILGNTTIARYFKLSNFVIGATIVAFGTSLPELVTTLYAAYKGLPMIAVGNALGSCIVNIGFVLGLCALIYPIVIRQRFIVKNVQIYFLYSVLLTVLGYDGFDFIDGVILFLLFLGYLAYTLKKRSIITEEKRDKRNIPMVLAVIFIIVGLLSIFVGSKLFIDGARHIALLLGVPEKVIGFTLVAFGTSLPEIAVSISAIRRRLGDIVIGNVVGSNMMNIGCALALSSIITYIPPTRFELLINLLFVTLTVLFINKGIVLKLFNRDNSEHFKIDRVEGLILLGLYLVYVLSYYLGWSVF,1
A0A7J9S1R5,MLGYLISYMIFGGILLAYGSDWFIEGSTRVAKHFNVSNFVIGATIVAFGTSLPEIVTSSGAALSGSPGLAVGNAVGSCIANIGIILGISVLMYPLIIKKRAIIKNGNIYLLATILLVILGYNGFSRFDGLILFLFMITYVIYTIKTSESDDEEIISDLTTKKASIFIVVGLLAVILGSDLFIEGAKGIAEYFNVPESIIGFSLVAFGTSLPELASSVAAAKRKLGSIVLGNVIGSNIANTCVALSFSAMIVDIPKYNVELMVNTIMALLIIFTMNREKIKKMLKFKNFRTDYFSKIDRIDGISYILIYLIFLAYLLGYIF,1
A0A2Z5PLB5,MLGYLISYMIFGGILLAYGSDWFIEGSTRVAKHFNVSNFVIGATIVAFGTSLPEIVTSSGAALSGSPGLAVGNAVGSCIANIGIILGISVLMYPLIIKKRAIIKNGNIYLLATILLVILGYNGFSRFDGLILFLFMITYVIYTIKTSESDDEEIISDLTTKKASIFIVVGLLAVILGSDLFIEGAKGIAEYFNVPESIIGFSLVAFGTSLPELASSVAAAKRKLGSIVLGNVIGSNIANTCIALSFSAMIVDIPKYNVELMVNTIMALLIIFTMNREKIKKMLNFKNFRTDYFSKIDRIDGISYILIYLIFLAYLLGYIF,1
A0A7J9P738,MLGYLISYMIFGGILLAYGSDWFIEGSTRVAKHFNVSNFVIGATIVAFGTSLPEIVTSSGAALSGSPGLAVGNAVGSCIANIGIILGISVLMYPLIIKKRAIIKNGNIYLLATILLVILGYNGFSRFDGLILFLFMITYVIYTIKTSESDDEEIISDLTTKKASIFIVVGLLAVILGSDLFIEGAKGIAEYFNVPESIIGFSLVAFGTSLPELASSVAAAKRKLGSIVLGNVIGSNIANTCIALSFSAMIVDIPKYNVELMVNTIMALLIIFTMNREKIKKMLKFKNYRTDYFSKIDRIDGISYILIYLIFLAYLLGYIF,1
C9RHP9,MLILGIGYFLLGLILLYYGSDWFVLGGERIAKHFNVSNFVIGATIMAIGTSLPEILTSAYASYMHAPGISVGNAIGSCICNLGLVLGVSAIISPIVVDNHLKKNVLVYLLFVIFTAIIGYDGFSPIDGILLLILFVLYLKWTIKNGSIGIELEEKNVKEDTSIAFSLVLLIIGLVGVLVGAEFFVEGAKKIAISLNISDKIIGFTLVAFGTSLPELMVSLAAAKRNLGSMVLGNVVGSNIADIGGALAMGSLFMYLPAENLQMLILLIMSLLLYLFARYSKIGRWQGMLFIILYVIAIASLGMG,1
A0A7J9NL16,MLGYLISYMIFGGILLAYGSDWFIEGSTQVAKHFNVSNFVIGATIVAFGTSLPEIVTSSGAALSGSPGLAVGNAVGSCIANIGIILGISVLMYPLIIKKRAIIKNGNIYLLATILLVILGYNGFSRFDGLILFLFMITYVIYTIKTSESDDEEIISDLTTKKASIFIVIGLLAVILGSDLFIEGAKGIAEYFNVPESIIGFSLVAFGTSLPELASSVAAAKRKLGSIVLGNVIGSNIANTCIALSFSAMIVDIPSYNVELMVNTIMALLIIFTMNREKIKKMLKFKNFRTDYFSKIDRIDGISYILIYLIFLAYLLGYIF,1
A0A2Z5PD84,MLGYLLLYMIFGGILLAYGSDWFIEGSTRVAKHFNVSNFVIGATIVAFGTSLPEIVTSSGAALSGSPGLAVGNAVGSCIANIGIILGISVLMYPLIIKKRAIIKNGNIYLIATILLVILGYNGFSRFDGLILFLFMIIYVIYTIKTSESDEEEIISYITVKKASIFIIVGLLAVILGSDLFIEGAKGIAEYFNVPESIIGFSLVAFGTSLPELASSVAAAKRKLGSIVLGNVIGSNIANTCVALSFSAMIVDIPKYNVELMVNTIMALLIIFTMNREKIKKILNFKNFRTDYFSKIDRIDGISYILIYLIFLAYLLGYIS,1
Q6M0S9,MLGYLISYMIFGGILLAYGSDWFIEGSTRVAKHFNVSNFVIGATIVAFGTSLPEIVTSSGAALSGYPGLAVGNAVGSCIANIGIILGISVLMYPLIIKKRAIIKNGNIYLIATILLVILGYNGFSRFDGLILFLFMITYVIYTIKTSESDDEEIISDLTTKKASIFIVVGLLAVILGSDLFIEGAKGIAEYFNVPESIIGFSLVAFGTSLPELASSVAAAKRKLGSIVLGNVIGSNIANTCIALSFSAMIVDIPKYNVELMVNTIMALLIIFTMNREKIKKMLKFKNFRTDYFSKIDRIDGISYILIYLIFLAYLLGYIF,1
A0A7J9PG13,MLGYLLLYMIFGGILLAYGSDWFIEGSTRVAKHFNVSNFVIGATIVAFGTSLPEIVTSSGAALSGSPGLAVGNAIGSCIANIGIILGISVLMYPLIIKKRAIIKNGNIYLIATILLVILGYNGFSRFDGLILFLFMIIYVIYTIKTSESDEEEIISDITVKKASIFIVVGLLAVILGSDLFIEGAKGIAEYFNVPESIIGFSLVAFGTSLPELASSVAAAKRKLGSIVLGNVIGSNIANTCVALSFSAMIVDIPKYNVELMVNTIMALLIIFTMNREKIKKMLNFKNFRTDYFSKIDRIDGISYILIYLIFLAYLLGYIF,1
A4FXI8,MLGYLLLYMIFGGILLAYGSDWFIEGSTRVAKHFNVSNFVIGATIVAFGTSLPEIVTSSGAALSGSPGLAVGNAIGSCIANIGIILGISVLMYPLIIKKRAIIKNGNIYLIATILLVILGYNGFSRFDGLILFLFMIIYVIYTIKTSESDEEEIISDITVKKASIFIVVGLLAVILGSDLFIGGAKGIAEYFNVPESIIGFSLVAFGTSLPELASSVAAAKRKLGSIVLGNVIGSNIANTCVALSFSAMIVDIPKYNVELMVNTIMALLIIFTMNREKIKKMLNFKNFRTDYFSKIDRIDGISYILIYLIFLAYLLGYIF,1
A0A832ZZN9,MLSVLMLLIGLGLLNYGSDWFIIGNIRVARYLKLSNFVIGATIVALGTSFPEIVTTLYALYRGLPMIAVGNALGSCILNIGFILGLCALLCPIVIRQRPIVTNIQIYLLYSLLFFILGQDGFNVIDGVILFLLFLCYMAYTLRRGNIIGEEKGDKRDIPMVLAVIFVIVGLISIFVGSKLFIEGARDIALFLGIPERIIGFTLVAFGTSLPEIAVSLSAIRRKLGDIVIGNVIGSNMINLGCALALSSIIAYIPPTRFELLINLLFAVLIVVMVSKGVIMKPLSKECFKIDRIDGLILLGIYLLYVISYFL,1
A9A7J1,MLGYLILYMIFGGILLAYGSDWFIEGSTSVAKHFNVSNFVIGATIVAFGTSLPEIVTSSGAALSGSPGLAVGNAVGSCIANIGIILGISVLMYPLIIKKHAIIKNGNIYLIATILLVILGYNGFSRFDGLILFLFMIIYVIYTIKTSESDEEEIISDITVKKASIFIIVGLLAVILGSDLFIEGAKGIAEYFNVPESIIGFSLVAFGTSLPELASSVAAAKRKLGSIVLGNVIGSNIANTCVALSFSAMIVDIPKYNVELMVNTIMALLIIFTMNREKIKKMLNFKNFRTDYFSKIDRIDGISYILIYLIFLAYLLGYIF,1
A0A7J9NK34,MLGYLILYMIIGGILLAYGSDWFIEGSTRVAKHFNVSNFVIGATIVAFGTSLPEIVTSSGAALSGSPGLAVGNAVGSCIANIGIILGISVLMYPLIIKKRAIIKNGNIYLIATILLVILGYNGFSRFDGLILFLFMISYVIYTIKTSESDEEELISDITTKKASIFIVVGLLAVILGSDLFIEGAKGIAEYFNVPESIIGFSLVAFGTSLPELASSVAAAKRKLGSIVLGNVIGSNIANTCIALSFSAMIVDIPSYNVELMVNTIMALLIIFTMNREKIKKMLNFKNFRTDYFSKIDRIDGISYILIYLIFLAYLLGYIF,1
A9A896,MLGYLISYMIFGGILLAYGSDWFIEGSTRVAKHFNVSNFVIGATIVAFGTSLPEIVTSSGAALSGSPGLAVGNAVGSCIANIGIILGISVLMYPLIIKKRAIIKNGNIYLLATILLVILGYNGFSRFDGLILFLFMISYVIYTIKTSESDDEEIISDITVKKASAFIVVGLLAVILGSDLFIEGAKGIAEYFNVPESIIGFSLVAFGTSLPELASSVAAAKRKLGSIVLGNVIGSNITNTCVALSFSAIIVDIPKYNVELMVNTTMALLIIITMNREQIKKMLNFKNFRTDYFSKIGRIDGISYILIYLIFLAYLLGYIF,1
A4FZ20,MLEYFILYLIFGGILLIYGSEWFIAGSISIAKHLKISNFVIGATIVAFGTSLPEIVTSSYAALSGSPDLAVGNAVGSCIANIGIILGINLLLYPIIIKKREILKNGNIYLLATILLVILGYNGFSRFDGLILFLFMIIYVIYTIKTNESDSEEIISDITVKKALLFILIGLVGVILGSDLLIMGAKGIAEYFNILESIIGFSLVAFGNSLPELATSISAARRNLGIIVLGNVIGSNIANICIALSVSAMIVDIPKYNVELMVNTFMAFLLIFTLNREKIKKILNFKNVKMEYFSKMDEIDGIFYISTYLIFLAYLLGKTF,1
A6UP77,MLSYGSDWFVLGASRFAKEFKIPSFVIGATIVAFGTSLPEIFTSAYAASTGSVDLALGNALGSCIANIGLVLGLSLIISSVFIKNKSVVKNGYLYLVYTLILTTLGYNGFSSFDGLILILLLLFYLVYTIKTGEADNEEHEKDTTFKKSIFYLLIGLAIVVFGSQFFVDGAKGLASAFGISEKIIGFTIVAFGTSLPELSVSVAAARQKLGGIVIGNIIGSNIINTCGALAIAALISEIPVFKFELVTNFLMVFLLVILMNKEKIKGILHLKKIDNRLSKITRFDGLILVIIYLLFIFGLNIGIIF,1
A0A849QUV5,MLPDILLFIIAFPIIVYSSDFFTENAVKLARSFGVSQFLIGITIVGIGTSLPEIVVTDYASFSGVSGIVIGNVVGSNITNIALVLGLSFFIRNTVISDDHMFKESIIHLLVISFGILLILTNDSISRLEGVILTGVYIVYILYSIKSHKKPNESKNNNDFNIKIIFYTLAGLVGVLIGSKLLVDSAVVLADQMGISSAVIGLTVIALGTSLPELAVSISAARRGFTMLILGNVIGSNITNIVLAMGTASMIREVVVEDAFLFRFNLAYMLLLSLILILVVRKKEISRLWGALYLLMYVFFIY,1
