pdb_id,chain,knotted,sequence,knot_loc
3v5s,A,1,MVILGVGYFLLGLILLYYGSDWFVLGSERIARHFNVSNFVIGATVMAIGTSLPEILTSAYASYMHAPGISIGNAIGSCICNIGLVLGLSAIISPIIVDKNLQKNILVYLLFVIFAAVIGIDGFSWIDGVVLLILFIIYLRWTVKNGPSVVFSLVLLIIGLIGVLVGAELFVDGAKKIALALDISDKVIGFTLVAFGTSLPELMVSLAAAKRNLGGMVLGNVIGSNIADIGGALAVGSLFMHLPAENVQMAVLVIMSLLLYLFAKYSKIGRWQGILFLALYIIAIASLRM,41-235
3v5u,A,1,MVILGVGYFLLGLILLYYGSDWFVLGSERIARHFNVSNFVIGATVMAIGTSLPEILTSAYASYMHAPGISIGNAIGSCICNIGLVLGLSAIISPIIVDKNLQKNILVYLLFVIFAAVIGIDGFSWIDGVVLLILFIIYLRWTVKNGSAKNNPSVVFSLVLLIIGLIGVLVGAELFVDGAKKIALALDISDKVIGFTLVAFGTSLPELMVSLAAAKRNLGGMVLGNVIGSNIADIGGALAVGSLFMHLPAENVQMAVLVIMSLLLYLFAKYSKIGRWQGILFLALYIIAIASLRMGGG,41-233
4k1c,A,1,TAWRAAVYDLQYILKASPLNFLLVFVPLGLIWGHFQLSHTLTFLFNFLAIIPLAAILANATEELADKAGNTIGGLLNATFGNAVELIVSIIALKKGQVRIVQASMLGSLLSNLLLVLGLCFIFGGYNRVQQTFNQTAAQTMSSLLAIACASLLIPAAFRATLPFIDGKILELSRGTSIVILIVYVLFLYFQLGSHHALFEQQEEETDEVMSTISRNPHHSLSVKSSLVILLGTTVIISFCADFLVGTIDNVVESTGLSKTFIGLIVIPIVGNAAEHVTSVLVAMKDKMDLALGVAIGSSLQVALFVTPFMVLVGWMIDVPMTLNFSTFETATLFIAVFLSNYLILDGESNWLEGVMSLAMYILIAMAFFYYPDE,57-304
4kjr,A,1,NRIFFILVAAGVPLSVIGSLMHWPSAVLFAVYCVTIIALASYMGRATESLSIIRIGGLLNATFGNAVELIISMFALKEGLTGIVLASLTGSVLGNLLLVAGLSFFVGGLKYARQEFNIHDARHNSGLLIFAIIVAFVIPEVFSVGMGNASKLNLSIGISIIMILLYVAALYFKEWSGKVATIVLFAATIVVAYISENLVHTFHSVAEQFGWSELFIGVIIVAIVGNAAEHASAIIMAFKNKMDIAVEIAVGSTLQIAMFVAPVLVICSIFFPTSMPLVFTLPELVAMVSAVLLMIAISNDGDSNWFEGATLLAAYVIMAIGFFLL,48-274
4kjs,A,0,IFFILVAAGVPLSVIGSLMHWPSAVLFAVYCVTIIALASYMGRATESLSIRIGGLLNATFGNAVELIISMFALKEGLTGIVLASLTGSVLGNLLLVAGLSFFVGGLKYARQEFNIHDARHNSGLLIFAIIVAFVIPEVFSVGMGNASKLNLSIGISIIMILLYVAALYFKSGKVATIVLFAATIVVAYISENLVHTFHSVAEQFGWSELFIGVIIVAIVGNAAEHASAIIMAFKNKMDIAVEIAVGSTLQIAMFVAPVLVICSIFFPTSMPLVFTLPELVAMVSAVLLMIAISNDGDSNWFEGATLLAAYVIMAIGFFLL,
4kpp,A,1,DFTKEKFQLLAISSLTLPWLISLAFNYHHPALTQTLLSGLAVVSASFLISWAAETAEMDVPRSFSLAIVALLAVLPEYAVDGYFAWKAGSVGGEYVHYATANMTGANRLLIGIGWSLVAFIAFRTLKSKEVELDDGIRLEIFFLFLATLYAFTLPLKGHISPFDALVFVSLYAIYIYLSTKAEREEVEVGGVPAYLCSLKTETRRLSVVVLFLFAGFTILMSVEAFSEGLLETARIAGIDEFLAVQWIAPLASESPELIVAIYFVRRFRVSASMNALISSKVNQWTLLIGTIAIIYSISAFKLQSLPLDARQSEEVLLTAAQSLFAVAILLDLKISWKEASALFLLFIVQLLFPGVEVRYIISAIYIILSLPILFAKRKEIVESFRTVKRLISLE,77-273
5hwx,A,1,MVILGVGYFLLGLILLYYGSDWFVLGSERIARHFNVSNFVIGATVMAIGTSLPEILTSAYASYMHAPGISIGNAIGSCICNIGLVLGLSAIISPIIVDKNLQKNILVYLLFVIFAAVIGIDGFSWIDGVVLLILFIIYLRWTVKNGSAKNNPSVVFSLVLLIIGLIGVLVGAELFVDGAKKIALALDISDKVIGFTLVAFGTSLPELMVSLAAAKRNLGGMVLGNVIGSNIADIGGALAVGSLFMHLPAENVQMAVLVIMSLLLYLFAKYSKIGRWQGILFLALYIIAIASLRM,44-229
5hwy,A,1,MVILGVGYFLLGLILLYYGSDWFVLGSERIARHFNVSNFVIGATVMAIGTSLPEILTSAYASYMHAPGISIGNAIGSCICNIGLVLGLSAIISPIIVDKNLQKNILVYLLFVIFAAVIGIDGFSWIDGVVLLILFIIYLRWTVKNGSAEIEENNDKNNPSVVFSLVLLIIGLIGVLVGAELFVDGAKKIALALDISDKVIGFTLVAFGTSLPELMVSLAAAKRNLGGMVLGNVIGSNIADIGGALAVGSLFMHLPAENVQMAVLVIMSLLLYLFAKYSKIGRWQGILFLALYIIAIASLR,44-230
5jdh,A,1,MVILGVGYFLLGLILLYYGSDWFVLGSERIARHFNVSNFVIGATVMAIGTSLPEILTSAYASYMHAPGISIGNAIGSCICNIGLVLGLSAIISPIIVDKNLQKNILVYLLFVIFAAVIGIDGFSWIDGVVLLILFIIYLRWTVKNGSAEIEKNNPSVVFSLVLLIIGLIGVLVGAELFVDGAKKIALALDISDKVIGFTLVAFGTSLPELMVSLAAAKRNLGGMVLGNVIGSNIADIGGALAVGSLFMHLPAENVQMAVLVIMSLLLYLFAKYSKIGRWQGILFLALYIIAIASLRM,42-233
5jdm,A,1,MVILGVGYFLLGLILLYYGSDWFVLGSERIARHFNVSNFVIGATVMAIGTSLPEILTSAYASYMHAPGISIGNAIGSCICNIGLVLGLSAIISPIIVDKNLQKNILVYLLFVIFAAVIGIDGFSWIDGVVLLILFIIYLRWTVKNGSAEIENPSVVFSLVLLIIGLIGVLVGAELFVDGAKKIALALDISDKVIGFTLVAFGTSLPELMVSLAAAKRNLGGMVLGNVIGSNIADIGGALAVGSLFMHLPAENVQMAVLVIMSLLLYLFAKYSKIGRWQGILFLALYIIAIASLR,41-233
5jdq,A,1,MVILGVGYFLLGLILLYYGSDWFVLGSERIARHFNVSNFVIGATVMAIGTSLPEILTSAYASYMHAPGISIGNAIGSCICNIGLVLGLSAIISPIIVDKNLQKNILVYLLFVIFAAVIGIDGFSWIDGVVLLILFIIYLRWTVKNGSAEIENNPSVVFSLVLLIIGLIGVLVGAELFVDGAKKIALALDISDKVIGFTLVAFGTSLPELMVSLAAAKRNLGGMVLGNVIGSNIADIGGALAVGSLFMHLPAENVQMAVLVIMSLLLYLFAKYSKIGRWQGILFLALYIIAIASLRM,41-229
